<?xml version="1.0"?>
<!DOCTYPE hibernate-mapping PUBLIC "-//Hibernate/Hibernate Mapping DTD 3.0//EN"
"http://www.hibernate.org/dtd/hibernate-mapping-3.0.dtd">
<!-- Generated Jan 15, 2021 2:11:17 PM by Hibernate Tools 4.3.1 -->
<hibernate-mapping>
    <class name="pojos.Resevations" table="resevations" catalog="iaproject" optimistic-lock="version">
        <id name="resevationId" type="java.lang.Integer">
            <column name="resevationID" />
            <generator class="identity" />
        </id>
        <property name="staffId" type="int">
            <column name="staffID" not-null="true" />
        </property>
        <property name="studentId" type="int">
            <column name="studentID" not-null="true" />
        </property>
        <property name="slotId" type="int">
            <column name="slotID" not-null="true" />
        </property>
        <property name="canceled" type="int">
            <column name="canceled" not-null="true" />
        </property>
    </class>
</hibernate-mapping>
