<?xml version="1.0"?>
<!DOCTYPE hibernate-mapping PUBLIC "-//Hibernate/Hibernate Mapping DTD 3.0//EN"
"http://www.hibernate.org/dtd/hibernate-mapping-3.0.dtd">
<!-- Generated Jan 15, 2021 2:11:17 PM by Hibernate Tools 4.3.1 -->
<hibernate-mapping>
    <class name="pojos.Slots" table="slots" catalog="iaproject" optimistic-lock="version">
        <id name="slotId" type="java.lang.Integer">
            <column name="slotID" />
            <generator class="identity" />
        </id>
        <property name="satffId" type="int">
            <column name="satffID" not-null="true" />
        </property>
        <property name="location" type="string">
            <column name="location" length="45" not-null="true" />
        </property>
        <property name="date" type="string">
            <column name="Date" length="45" not-null="true" />
        </property>
        <property name="fromHr" type="string">
            <column name="fromHr" length="45" not-null="true" />
        </property>
        <property name="toHr" type="string">
            <column name="toHr" length="45" not-null="true" />
        </property>
        <property name="reserved" type="int">
            <column name="reserved" not-null="true" />
        </property>
    </class>
</hibernate-mapping>
