<?xml version="1.0"?>
<!DOCTYPE hibernate-mapping PUBLIC "-//Hibernate/Hibernate Mapping DTD 3.0//EN"
"http://www.hibernate.org/dtd/hibernate-mapping-3.0.dtd">
<!-- Generated Jan 15, 2021 2:11:17 PM by Hibernate Tools 4.3.1 -->
<hibernate-mapping>
    <class name="pojos.Staff" table="staff" catalog="iaproject" optimistic-lock="version">
        <id name="staffId" type="java.lang.Integer">
            <column name="staffID" />
            <generator class="identity" />
        </id>
        <property name="staffName" type="string">
            <column name="staffName" length="45" not-null="true" />
        </property>
        <property name="staffMobile" type="int">
            <column name="staffMobile" not-null="true" />
        </property>
        <property name="staffEmail" type="string">
            <column name="staffEmail" length="45" not-null="true" unique="true" />
        </property>
        <property name="staffPassword" type="string">
            <column name="staffPassword" length="45" not-null="true" />
        </property>
        <property name="staffProf" type="string">
            <column name="staffProf" length="5" not-null="true" />
        </property>
        <property name="staffUsername" type="string">
            <column name="staffUsername" length="45" not-null="true" unique="true" />
        </property>
    </class>
</hibernate-mapping>
