<?xml version="1.0"?>
<!DOCTYPE hibernate-mapping PUBLIC "-//Hibernate/Hibernate Mapping DTD 3.0//EN"
"http://www.hibernate.org/dtd/hibernate-mapping-3.0.dtd">
<!-- Generated Jan 15, 2021 2:11:17 PM by Hibernate Tools 4.3.1 -->
<hibernate-mapping>
    <class name="pojos.Staffmessages" table="staffmessages" catalog="iaproject" optimistic-lock="version">
        <id name="messageId" type="java.lang.Integer">
            <column name="messageID" />
            <generator class="identity" />
        </id>
        <property name="staffId" type="int">
            <column name="staffID" not-null="true" />
        </property>
        <property name="studentId" type="int">
            <column name="studentID" not-null="true" />
        </property>
        <property name="message" type="string">
            <column name="message" length="350" not-null="true" />
        </property>
        <property name="sent" type="int">
            <column name="sent" not-null="true" />
        </property>
        <property name="subject" type="string">
            <column name="subject" length="100" not-null="true" />
        </property>
    </class>
</hibernate-mapping>
