<?xml version="1.0"?>
<!DOCTYPE hibernate-mapping PUBLIC "-//Hibernate/Hibernate Mapping DTD 3.0//EN"
"http://www.hibernate.org/dtd/hibernate-mapping-3.0.dtd">
<!-- Generated Jan 15, 2021 2:11:17 PM by Hibernate Tools 4.3.1 -->
<hibernate-mapping>
    <class name="pojos.Studentnotifications" table="studentnotifications" catalog="iaproject" optimistic-lock="version">
        <id name="notificationId" type="java.lang.Integer">
            <column name="notificationID" />
            <generator class="identity" />
        </id>
        <property name="studentId" type="int">
            <column name="studentID" not-null="true" />
        </property>
        <property name="notification" type="string">
            <column name="notification" length="300" not-null="true" />
        </property>
        <property name="title" type="string">
            <column name="title" length="100" not-null="true" />
        </property>
    </class>
</hibernate-mapping>
