<?xml version="1.0"?>
<!DOCTYPE hibernate-mapping PUBLIC "-//Hibernate/Hibernate Mapping DTD 3.0//EN"
"http://www.hibernate.org/dtd/hibernate-mapping-3.0.dtd">
<!-- Generated Jan 15, 2021 2:11:17 PM by Hibernate Tools 4.3.1 -->
<hibernate-mapping>
    <class name="pojos.Students" table="students" catalog="iaproject" optimistic-lock="version">
        <id name="studentId" type="java.lang.Integer">
            <column name="studentID" />
            <generator class="identity" />
        </id>
        <property name="studentName" type="string">
            <column name="studentName" length="45" not-null="true" />
        </property>
        <property name="studentMobile" type="int">
            <column name="studentMobile" not-null="true" />
        </property>
        <property name="studentEmail" type="string">
            <column name="studentEmail" length="45" not-null="true" unique="true" />
        </property>
        <property name="studentPassword" type="string">
            <column name="studentPassword" length="45" not-null="true" />
        </property>
        <property name="studentUsername" type="string">
            <column name="studentUsername" length="45" not-null="true" unique="true" />
        </property>
    </class>
</hibernate-mapping>
