<?xml version="1.0"?>
<!DOCTYPE hibernate-mapping PUBLIC "-//Hibernate/Hibernate Mapping DTD 3.0//EN"
"http://www.hibernate.org/dtd/hibernate-mapping-3.0.dtd">
<!-- Generated Jan 15, 2021 2:11:17 PM by Hibernate Tools 4.3.1 -->
<hibernate-mapping>
    <class name="pojos.Subject" table="subject" catalog="iaproject" optimistic-lock="version">
        <id name="subjectId" type="java.lang.Integer">
            <column name="subjectID" />
            <generator class="identity" />
        </id>
        <property name="subjectName" type="string">
            <column name="subjectName" length="45" not-null="true" unique="true" />
        </property>
        <property name="subjectDes" type="string">
            <column name="subjectDes" length="200" not-null="true" />
        </property>
    </class>
</hibernate-mapping>
