<?xml version="1.0"?>
<!DOCTYPE hibernate-mapping PUBLIC "-//Hibernate/Hibernate Mapping DTD 3.0//EN"
"http://www.hibernate.org/dtd/hibernate-mapping-3.0.dtd">
<!-- Generated Jan 15, 2021 2:11:17 PM by Hibernate Tools 4.3.1 -->
<hibernate-mapping>
    <class name="pojos.Teaches" table="teaches" catalog="iaproject" optimistic-lock="version">
        <id name="idteaches" type="java.lang.Integer">
            <column name="idteaches" />
            <generator class="identity" />
        </id>
        <property name="staffId" type="java.lang.Integer">
            <column name="staffID" />
        </property>
        <property name="subjectId" type="java.lang.Integer">
            <column name="subjectID" />
        </property>
    </class>
</hibernate-mapping>
