<?xml version="1.0" encoding="UTF-8"?>
<project-private xmlns="http://www.netbeans.org/ns/project-private/1">
    <editor-bookmarks xmlns="http://www.netbeans.org/ns/editor-bookmarks/2" lastBookmarkId="0"/>
    <open-files xmlns="http://www.netbeans.org/ns/projectui-open-files/2">
        <group>
            <file>file:/E:/fci.projects/IA/Staff%20Member%20office%20hours%20management/src/java/updateStaff.java</file>
            <file>file:/E:/fci.projects/IA/Staff%20Member%20office%20hours%20management/src/java/validateStaff.java</file>
            <file>file:/E:/fci.projects/IA/Staff%20Member%20office%20hours%20management/src/java/updateStudent.java</file>
            <file>file:/E:/fci.projects/IA/Staff%20Member%20office%20hours%20management/src/java/addStudent.java</file>
            <file>file:/E:/fci.projects/IA/Staff%20Member%20office%20hours%20management/src/java/updateSlot.java</file>
            <file>file:/E:/fci.projects/IA/Staff%20Member%20office%20hours%20management/src/java/validateStudent.java</file>
            <file>file:/E:/fci.projects/IA/Staff%20Member%20office%20hours%20management/src/java/addStaff.java</file>
            <file>file:/E:/fci.projects/IA/Staff%20Member%20office%20hours%20management/src/java/deleteMultiReservation.java</file>
            <file>file:/E:/fci.projects/IA/Staff%20Member%20office%20hours%20management/src/java/saveMessage.java</file>
        </group>
    </open-files>
</project-private>
